City_ID,City,Country,Lat,Lng,Max Temp,Humidity,Cloudiness,Wind Speed,Current Description
0,Butaritari,KI,3.0707,172.7902,81.34,81,83,20.31,light rain
1,Rikitea,PF,-23.1203,-134.9692,77.31,70,20,6.82,few clouds
2,Bonavista,CA,48.6499,-53.1147,33.8,72,68,25.93,broken clouds
3,Kapaa,US,22.0752,-159.319,77.47,65,0,12.66,clear sky
4,Provideniya,RU,64.3833,-173.3,23.36,86,100,13.0,heavy snow
5,Lompoc,US,34.6391,-120.4579,66.56,60,20,18.41,few clouds
6,Tuktoyaktuk,CA,69.4541,-133.0374,-14.8,70,0,17.27,clear sky
7,Nerchinskiy Zavod,RU,51.3088,119.61,-27.38,100,59,1.68,broken clouds
8,Yellowknife,CA,62.456,-114.3525,-11.58,75,20,11.5,few clouds
9,Indramayu,ID,-6.3264,108.32,78.66,83,86,7.54,overcast clouds
10,Port Alfred,ZA,-33.5906,26.891,67.17,81,15,8.32,few clouds
11,Constitucion,CL,-35.3333,-72.4167,62.87,77,62,7.49,broken clouds
12,Camacha,PT,33.0833,-16.3333,59.76,77,40,19.57,scattered clouds
13,Sitka,US,57.0531,-135.33,33.69,32,40,13.8,scattered clouds
14,Punta Arenas,CL,-53.15,-70.9167,69.91,35,0,25.32,clear sky
15,Kavieng,PG,-2.5744,150.7967,78.26,88,100,9.75,light rain
16,Avarua,CK,-21.2078,-159.775,82.45,83,40,18.41,scattered clouds
17,Bambous Virieux,MU,-20.3428,57.7575,80.22,94,75,21.85,light rain
18,Corn Island,NI,12.1694,-83.0418,80.22,75,1,19.82,clear sky
19,Murray Bridge,AU,-35.1167,139.2667,62.38,59,0,4.25,clear sky
20,College,US,64.8569,-147.8028,18.59,73,100,4.61,overcast clouds
21,Albany,US,42.6001,-73.9662,57.15,81,36,0.94,scattered clouds
22,Saskylakh,RU,71.9167,114.0833,0.19,99,84,5.95,broken clouds
23,Katsuura,JP,35.1333,140.3,35.71,51,73,6.26,broken clouds
24,Saint-Pierre,RE,-21.3393,55.4781,83.88,61,100,21.85,overcast clouds
25,Darab,IR,28.7519,54.5444,51.8,48,62,2.53,broken clouds
26,Hilo,US,19.7297,-155.09,82.13,74,75,8.05,broken clouds
27,Narsaq,GL,60.9167,-46.05,-0.18,79,6,6.51,clear sky
28,Hermanus,ZA,-34.4187,19.2345,64.9,82,100,0.29,overcast clouds
29,Iqaluit,CA,63.7506,-68.5145,-27.67,75,75,18.41,broken clouds
30,Bethel,US,41.3712,-73.414,54.45,35,0,10.36,clear sky
31,Arraial Do Cabo,BR,-22.9661,-42.0278,76.96,94,75,8.05,moderate rain
32,Genhe,CN,50.7833,121.5167,-24.0,100,94,0.96,overcast clouds
33,Lorengau,PG,-2.0226,147.2712,77.09,89,100,8.19,light rain
34,Kayerkan,RU,69.3497,87.7602,14.52,85,100,18.32,overcast clouds
35,Kerchevskiy,RU,59.946,56.2884,14.9,97,96,4.97,overcast clouds
36,Kahului,US,20.8947,-156.47,82.42,73,0,19.57,clear sky
37,Saint George,US,37.1041,-113.5841,61.39,26,20,20.71,few clouds
38,Prado,BR,-17.3411,-39.2208,77.05,87,4,6.38,clear sky
39,Saint-Philippe,RE,-21.3585,55.7679,83.79,92,100,28.36,moderate rain
40,Kruisfontein,ZA,-34.0033,24.7314,62.89,89,49,4.54,scattered clouds
41,Bowen,AU,-20.0167,148.2333,75.42,76,92,9.69,overcast clouds
42,Cherskiy,RU,68.75,161.3,-51.32,100,100,5.26,overcast clouds
43,Georgetown,MY,5.4112,100.3354,78.73,93,20,2.3,few clouds
44,Hobyo,SO,5.3505,48.5268,77.92,82,5,17.16,clear sky
45,Thompson,CA,55.7435,-97.8558,-9.24,54,0,6.91,clear sky
46,Ushuaia,AR,-54.8,-68.3,60.46,59,75,24.16,broken clouds
47,Hithadhoo,MV,-0.6,73.0833,82.36,71,92,9.15,overcast clouds
48,Jamestown,US,42.097,-79.2353,60.12,35,0,9.22,clear sky
49,Bontang,ID,0.1333,117.5,73.92,88,99,4.27,overcast clouds
50,Esperance,AU,-33.8667,121.9,60.64,71,2,11.68,clear sky
51,Nazas,MX,25.2333,-104.1333,85.64,15,5,28.81,clear sky
52,Novobiryusinskiy,RU,56.9578,97.7076,3.2,100,84,3.09,broken clouds
53,Dunedin,NZ,-45.8742,170.5036,64.8,64,66,1.99,light rain
54,Isangel,VU,-19.55,169.2667,86.11,79,75,2.3,broken clouds
55,Pringsewu,ID,-5.3582,104.9744,72.41,95,100,0.34,heavy intensity rain
56,Guangshui,CN,31.6199,113.9978,39.97,54,100,2.44,overcast clouds
57,Barrow,US,71.2906,-156.7887,-2.18,71,100,19.57,haze
58,Atuona,PF,-9.8,-139.0333,78.46,72,24,18.63,few clouds
59,Sechura,PE,-5.5569,-80.8222,77.72,66,84,17.13,broken clouds
60,Dikson,RU,73.5069,80.5464,14.45,94,100,14.79,overcast clouds
61,Qaanaaq,GL,77.484,-69.3632,-8.14,58,87,8.61,overcast clouds
62,Upernavik,GL,72.7868,-56.1549,-23.08,98,96,6.31,overcast clouds
63,Cape Town,ZA,-33.9258,18.4232,66.27,73,0,6.91,clear sky
64,Mataura,NZ,-46.1927,168.8643,58.48,92,100,7.63,overcast clouds
65,Coihaique,CL,-45.5752,-72.0662,66.81,33,13,4.56,few clouds
66,Aykhal,RU,66.0,111.5,-4.23,99,97,6.8,overcast clouds
67,Nanortalik,GL,60.1432,-45.2371,11.32,76,53,11.56,broken clouds
68,Kamenka,RU,51.3223,42.7678,31.75,93,32,7.67,scattered clouds
69,Port Blair,IN,11.6667,92.75,71.64,94,20,2.3,mist
70,New Norfolk,AU,-42.7826,147.0587,52.92,59,15,1.57,few clouds
71,Eureka,US,40.8021,-124.1637,49.19,85,99,4.0,overcast clouds
72,Jefferson City,US,38.5767,-92.1735,73.31,36,0,16.11,clear sky
73,Isiro,CD,2.7739,27.616,65.57,32,48,2.08,scattered clouds
74,Coquimbo,CL,-29.9533,-71.3436,67.73,68,0,13.8,clear sky
75,Pacific Grove,US,36.6177,-121.9166,61.25,60,0,13.0,clear sky
76,Bredasdorp,ZA,-34.5322,20.0403,64.27,77,98,1.14,overcast clouds
77,Carnarvon,AU,-24.8667,113.6333,80.67,74,73,12.66,broken clouds
78,Bonthe,SL,7.5264,-12.505,78.08,86,100,2.64,light rain
79,Garhi Khairo,PK,28.0606,67.9803,69.55,22,8,5.55,clear sky
80,Washington,US,47.5001,-120.5015,41.74,62,100,8.39,overcast clouds
81,Vaini,TO,-21.2,-175.2,80.47,81,60,17.27,moderate rain
82,San Benito Abad,CO,8.929,-75.0271,95.11,27,11,3.65,few clouds
83,Port Lincoln,AU,-34.7333,135.8667,61.83,67,3,9.19,clear sky
84,Pochutla,MX,15.7432,-96.4661,88.83,49,7,7.72,clear sky
85,Pushkino,RU,56.0172,37.8667,34.18,98,100,11.81,light snow
86,Codrington,AU,-38.2667,141.9667,59.41,61,60,9.86,broken clouds
87,Mogocha,RU,53.7333,119.7667,-11.87,96,65,3.4,broken clouds
88,Puerto Ayora,EC,-0.7393,-90.3518,84.16,88,39,8.99,scattered clouds
89,Rawson,AR,-43.3002,-65.1023,55.63,61,93,14.32,overcast clouds
90,Alcala La Real,ES,37.4614,-3.923,51.91,53,0,1.01,clear sky
91,Dhidhdhoo,MV,6.8833,73.1,81.37,72,3,7.81,clear sky
92,Matadi,CD,-5.8167,13.45,77.85,91,100,3.0,light rain
93,Bereda,ES,43.2686,-7.5406,46.92,100,54,2.55,broken clouds
94,La Ronge,CA,55.1001,-105.2842,-10.95,44,0,6.91,clear sky
95,Aksu,CN,41.1231,80.2644,27.19,46,0,2.82,clear sky
96,Mudgee,AU,-32.5943,149.5871,68.05,83,99,5.75,overcast clouds
97,Great Yarmouth,GB,52.6083,1.7305,44.56,84,5,11.12,clear sky
98,San Cristobal,VE,7.7669,-72.225,73.58,60,86,3.83,overcast clouds
99,Pangnirtung,CA,66.1451,-65.7125,-29.2,68,20,5.75,few clouds
100,Cidreira,BR,-30.1811,-50.2056,76.46,75,54,13.8,broken clouds
101,Fort Nelson,CA,58.8053,-122.7002,-4.41,65,0,0.0,clear sky
102,Kaduqli,SD,11.0167,29.7167,73.94,14,32,9.8,scattered clouds
103,Ust-Nera,RU,64.5667,143.2,-41.37,99,67,3.94,broken clouds
104,Kavaratti,IN,10.5669,72.642,80.49,66,2,13.98,clear sky
105,Hobart,AU,-42.8794,147.3294,53.26,68,40,8.05,scattered clouds
106,Zhigansk,RU,66.7697,123.3711,-8.46,97,99,10.67,overcast clouds
107,Portobelo,PA,9.55,-79.65,88.21,75,62,15.64,broken clouds
108,Nikolskoye,RU,59.7035,30.7861,33.4,98,100,7.92,light snow
109,Chuy,UY,-33.6971,-53.4616,72.9,72,67,12.15,broken clouds
110,Novaky,SK,48.7111,18.5339,38.12,80,86,1.99,overcast clouds
111,Khatanga,RU,71.9667,102.5,8.92,91,100,7.74,overcast clouds
112,Port Hardy,CA,50.6996,-127.4199,39.38,56,20,8.05,few clouds
113,Okhotsk,RU,59.3833,143.3,-15.21,78,2,16.02,clear sky
114,Roald,NO,62.5833,6.1333,35.01,93,100,4.61,snow
115,Klaksvik,FO,62.2266,-6.589,36.52,66,100,36.78,overcast clouds
116,Avera,US,33.194,-82.5271,71.47,78,100,8.01,light rain
117,Erenhot,CN,43.6475,111.9767,-1.19,83,2,6.13,clear sky
118,Ribeira Grande,PT,38.5167,-28.7,54.0,71,40,6.91,scattered clouds
119,Sao Raimundo Nonato,BR,-9.0153,-42.6994,79.07,66,68,2.57,broken clouds
120,Maracas,BR,-13.4411,-40.4308,67.71,83,100,8.39,overcast clouds
121,Umm Lajj,SA,25.0213,37.2685,67.96,47,4,12.97,clear sky
122,Broome,US,42.2506,-75.833,55.98,35,0,8.05,clear sky
123,Tasiilaq,GL,65.6145,-37.6368,26.76,70,100,38.07,overcast clouds
124,Kysyl-Syr,RU,63.8986,122.7617,-2.87,99,100,3.27,overcast clouds
125,Neiafu,TO,-18.65,-173.9833,81.82,78,99,10.6,moderate rain
126,Shizunai,JP,42.3339,142.3669,26.06,89,100,26.51,light snow
127,Tazovskiy,RU,67.4667,78.7,13.89,94,100,12.97,light snow
128,Tandil,AR,-37.3217,-59.1332,69.64,64,20,20.71,few clouds
129,Longyearbyen,SJ,78.2186,15.6401,-9.13,92,64,3.24,broken clouds
130,Mahebourg,MU,-20.4081,57.7,80.26,94,75,21.85,broken clouds
131,Lumeje,AO,-11.55,20.7833,62.87,96,35,4.5,scattered clouds
132,Tiksi,RU,71.6872,128.8694,-4.0,93,100,8.97,overcast clouds
133,Keti Bandar,PK,24.1447,67.4497,72.57,78,0,16.69,clear sky
134,Flinders,AU,-34.5833,150.8552,70.81,86,100,7.0,overcast clouds
135,Gondanglegi,ID,-7.7479,112.0132,73.8,90,100,4.21,light rain
136,Victoria,HK,22.2855,114.1577,52.25,93,99,8.99,overcast clouds
137,Henties Bay,NA,-22.116,14.2845,70.86,81,33,9.15,scattered clouds
138,Uusikaupunki,FI,60.8004,21.4084,28.92,90,100,19.53,light snow
139,Faanui,PF,-16.4833,-151.75,81.09,76,100,19.75,light rain
140,Tura,IN,25.5198,90.2201,56.12,57,0,3.85,clear sky
141,Papara,BR,-3.9839,-38.7273,81.68,85,95,3.6,overcast clouds
142,Hammond,US,41.5834,-87.5,54.18,78,0,10.36,clear sky
143,Leningradskiy,RU,69.3833,178.4167,-30.01,97,88,6.93,overcast clouds
144,Adrar,MR,20.5022,-10.0711,79.75,13,100,6.93,overcast clouds
145,Honningsvag,NO,70.9821,25.9704,20.95,86,40,16.11,scattered clouds
146,General Pico,AR,-35.6566,-63.7568,74.84,47,100,10.0,overcast clouds
147,Tuatapere,NZ,-46.1333,167.6833,58.82,94,94,9.13,overcast clouds
148,Halifax,CA,44.6453,-63.5724,44.49,74,100,12.66,overcast clouds
149,Airai,TL,-8.9266,125.4092,60.06,97,100,0.27,overcast clouds
150,Xuddur,SO,4.1213,43.8894,76.87,38,46,16.53,scattered clouds
151,Mundo Nuevo,MX,18.7,-95.5,76.77,78,13,10.56,few clouds
152,Nacala,MZ,-14.5428,40.6728,75.29,96,100,3.89,light rain
153,Belmonte,BR,-15.8631,-38.8828,81.1,79,9,7.16,clear sky
154,Nandi Hills,KE,0.1066,35.1838,59.88,92,90,3.83,overcast clouds
155,Lebu,CL,-37.6167,-73.65,65.1,61,99,5.1,overcast clouds
156,Vao,NC,-22.6667,167.4833,79.88,80,100,13.22,overcast clouds
157,Fare,PF,-16.7,-151.0167,81.45,75,100,19.26,light rain
158,Busselton,AU,-33.65,115.3333,57.09,82,0,9.13,clear sky
159,Asau,RO,46.4333,26.4,44.76,65,100,5.37,overcast clouds
160,Deer Lake,CA,49.1667,-57.4316,26.46,54,75,16.11,broken clouds
161,Leshukonskoye,RU,64.8989,45.7622,8.42,99,97,3.49,overcast clouds
162,Trujillo,PE,-8.116,-79.03,71.56,78,40,10.36,scattered clouds
163,Flin Flon,CA,54.7682,-101.865,-9.56,45,0,8.05,clear sky
164,Xingyi,CN,24.1877,102.817,34.52,98,100,2.73,snow
165,Padang,ID,-0.9492,100.3543,76.73,88,100,4.16,light rain
166,Dwarka,IN,22.2394,68.9678,72.16,79,0,11.3,clear sky
167,Sinnamary,GF,5.3833,-52.95,77.25,89,99,9.44,overcast clouds
168,Te Anau,NZ,-45.4167,167.7167,57.06,95,100,4.27,overcast clouds
169,Alice Springs,AU,-23.7,133.8833,60.35,72,0,0.0,clear sky
170,Roebourne,AU,-20.7833,117.1333,82.36,76,11,8.08,few clouds
171,Ranot,TH,7.7777,100.3213,80.56,76,51,11.32,broken clouds
172,Alta Floresta,BR,-9.8756,-56.0861,75.09,95,59,3.67,broken clouds
173,Susuman,RU,62.7833,148.1667,-46.66,98,79,0.6,broken clouds
174,Yulara,AU,-25.2406,130.9889,66.04,48,0,5.75,clear sky
175,La Serena,CL,-29.9078,-71.2542,67.51,68,0,13.8,clear sky
176,Ilulissat,GL,69.2167,-51.1,-0.38,71,75,10.36,broken clouds
177,Buritica,CO,6.7187,-75.9073,80.85,83,91,4.52,overcast clouds
178,Ketchikan,US,55.3422,-131.6461,36.07,25,0,8.05,clear sky
179,Bilma,NE,18.6853,12.9164,69.03,10,0,6.53,clear sky
180,San Ramon De La Nueva Oran,AR,-23.1322,-64.326,75.78,94,72,1.86,broken clouds
181,Frontera,MX,26.9333,-101.45,94.32,14,0,1.01,clear sky
182,Tilichiki,RU,60.4667,166.1,-23.04,92,29,10.16,scattered clouds
183,Jumla,NP,29.2747,82.1838,32.07,37,0,4.29,clear sky
184,Kovdor,RU,67.5662,30.4758,1.38,100,97,1.3,overcast clouds
185,Olinda,BR,-8.0089,-34.8553,83.93,65,20,6.91,few clouds
186,Laguna,US,38.421,-121.4238,61.05,27,0,12.66,clear sky
187,Pathein,MM,16.7833,94.7333,68.2,85,100,3.85,overcast clouds
188,Ales,FR,44.1333,4.0833,50.04,66,22,8.57,few clouds
189,Upata,VE,8.0086,-62.3989,78.19,62,97,8.5,overcast clouds
190,Los Llanos De Aridane,ES,28.6585,-17.9182,56.12,79,0,6.91,clear sky
191,Guerrero Negro,MX,27.9769,-114.0611,63.88,47,32,12.75,scattered clouds
192,Taltal,CL,-25.4,-70.4833,71.02,67,22,6.06,few clouds
193,Bellavista,PE,-7.0561,-76.5911,87.08,72,81,0.43,broken clouds
194,Port Hawkesbury,CA,45.6169,-61.3485,41.92,73,100,9.22,overcast clouds
195,Clyde River,CA,70.4692,-68.5914,-10.97,70,100,18.41,overcast clouds
196,Karratha,AU,-20.7377,116.8463,82.65,77,13,8.23,light rain
197,Bluff,NZ,-46.6,168.3333,58.8,84,100,19.17,overcast clouds
198,Kushima,JP,31.4583,131.2333,38.71,72,33,6.49,scattered clouds
199,Ahipara,NZ,-35.1667,173.1667,75.09,63,23,6.17,few clouds
200,Kaeo,NZ,-35.1,173.7833,76.32,79,44,9.26,scattered clouds
201,Vengerovo,RU,55.6848,76.7471,22.1,95,99,10.67,overcast clouds
202,Pisco,PE,-13.7,-76.2167,75.02,83,0,8.05,clear sky
203,Luderitz,NA,-26.6481,15.1594,71.62,60,41,19.17,scattered clouds
204,Sisimiut,GL,66.9395,-53.6735,-15.03,99,93,4.14,overcast clouds
205,Ziniare,BF,12.5822,-1.2983,80.64,8,10,10.16,clear sky
206,Bathsheba,BB,13.2167,-59.5167,81.21,69,40,14.97,scattered clouds
207,Kijang,KR,35.2442,129.2139,29.93,53,5,11.36,clear sky
208,Castro,BR,-24.7911,-50.0119,67.5,84,11,2.42,few clouds
209,Ponta Do Sol,PT,32.6667,-17.1,63.23,55,31,11.88,scattered clouds
210,Dong Hoi,VN,17.4833,106.6,58.37,92,100,10.54,overcast clouds
211,Palmer,US,42.1584,-72.3287,55.81,30,75,9.22,broken clouds
212,Mount Isa,AU,-20.7333,139.5,76.77,31,0,6.91,clear sky
213,Xichang,CN,27.8964,102.2634,25.52,91,92,4.14,overcast clouds
214,Aldan,RU,58.6031,125.3894,4.96,95,100,7.76,light snow
215,Alofi,NU,-19.0595,-169.9187,78.69,94,100,5.75,overcast clouds
216,East London,ZA,-33.0153,27.9116,68.99,75,2,5.57,clear sky
217,Ranong,TH,9.9658,98.6348,75.18,90,62,5.75,broken clouds
218,Taoudenni,ML,22.6783,-3.9836,81.81,10,75,9.75,broken clouds
219,Humberto De Campos,BR,-2.5983,-43.4611,78.6,83,63,6.55,broken clouds
220,Stykkisholmur,IS,65.0757,-22.7297,36.97,76,100,42.64,heavy intensity rain
221,Santa Marta,CO,11.2408,-74.199,93.25,58,20,20.0,few clouds
222,Puerto Escondido,MX,15.85,-97.0667,85.68,56,7,6.29,clear sky
223,Whitecourt,CA,54.1502,-115.6855,-2.96,59,40,11.5,scattered clouds
224,Sarkand,KZ,45.41,79.9186,26.13,58,0,9.26,clear sky
225,Can Tho,VN,10.0333,105.7833,76.98,88,0,9.22,clear sky
226,Drabiv,UA,49.963,32.1529,43.63,59,100,13.76,overcast clouds
227,Huilong,CN,31.8111,121.655,42.04,54,98,4.27,overcast clouds
228,Basse,DE,52.5518,9.5069,44.2,87,75,20.71,broken clouds
229,Gizo,SB,-8.103,156.8419,84.02,72,97,3.06,overcast clouds
230,Port Shepstone,ZA,-30.7414,30.455,73.53,82,99,2.71,light rain
231,Alyangula,AU,-13.8483,136.4192,76.87,72,60,3.44,broken clouds
232,Tual,ID,-5.6667,132.75,83.32,74,100,25.05,overcast clouds
233,Hofn,IS,64.2539,-15.2082,36.46,98,100,49.28,heavy intensity rain
234,Namibe,AO,-15.1961,12.1522,76.69,81,90,2.89,overcast clouds
235,Mkushi,ZM,-13.6202,29.3939,63.46,97,99,2.08,overcast clouds
236,Geraldton,AU,-28.7667,114.6,66.61,77,74,8.05,broken clouds
237,Menzelinsk,RU,55.7271,53.1026,25.84,96,100,6.38,overcast clouds
238,Villa Bruzual,VE,9.3328,-69.1208,93.02,25,38,5.64,scattered clouds
239,Maceio,BR,-9.6658,-35.7353,81.84,74,20,10.36,few clouds
240,Souillac,MU,-20.5167,57.5167,80.37,94,75,21.85,broken clouds
241,Kawalu,ID,-7.3817,108.2082,70.99,96,95,2.48,overcast clouds
242,Kangaatsiaq,GL,68.3065,-53.4641,-5.03,96,100,6.13,overcast clouds
243,Hasaki,JP,35.7333,140.8333,30.6,40,55,7.45,broken clouds
244,Makakilo City,US,21.3469,-158.0858,80.92,61,0,11.5,clear sky
245,Port Elizabeth,ZA,-33.918,25.5701,65.1,77,0,2.3,clear sky
246,Chapais,CA,49.7834,-74.8492,-9.62,88,94,2.71,overcast clouds
247,Egvekinot,RU,66.3167,-179.1667,-6.03,92,100,12.21,overcast clouds
248,Severo-Kurilsk,RU,50.6789,156.125,31.64,80,100,25.59,overcast clouds
249,Mar Del Plata,AR,-38.0023,-57.5575,69.82,90,75,13.0,light rain
250,Jacareacanga,BR,-6.2222,-57.7528,78.31,90,96,1.52,overcast clouds
251,Mount Gambier,AU,-37.8333,140.7667,55.31,76,100,5.75,overcast clouds
252,Belaya Gora,RU,68.5333,146.4167,-48.35,100,59,4.23,broken clouds
253,Dhenkanal,IN,20.6667,85.6,69.58,92,86,1.05,overcast clouds
254,Marsabit,KE,2.3284,37.9899,73.0,43,66,2.48,broken clouds
255,Lasa,IT,46.6166,10.7002,35.51,93,75,9.4,light snow
256,Cuamba,MZ,-14.8031,36.5372,70.16,99,100,1.97,moderate rain
257,Cururupu,BR,-1.8283,-44.8683,76.06,94,100,4.38,overcast clouds
258,Vardo,NO,70.3705,31.1107,28.38,80,75,13.8,broken clouds
259,Manjacaze,MZ,-24.7117,33.8828,70.68,89,49,4.68,scattered clouds
260,Porto Novo,BJ,6.4965,2.6036,80.42,81,51,6.51,broken clouds
261,Port Hedland,AU,-20.3167,118.5667,80.65,100,48,6.91,scattered clouds
262,Pavilosta,LV,56.8879,21.1859,33.75,97,100,24.14,snow
263,Mikuni,JP,36.2171,136.1519,31.91,85,99,4.03,snow
264,Turukhansk,RU,65.8167,87.9833,16.66,87,100,17.09,overcast clouds
265,Pokosnoye,RU,55.5258,101.0536,-1.61,100,75,2.84,broken clouds
266,Kuching,MY,1.55,110.3333,75.42,94,20,1.14,few clouds
267,Fortuna,US,40.5982,-124.1573,48.92,85,100,13.8,overcast clouds
268,Katangli,RU,51.7102,143.2326,1.67,72,100,23.69,overcast clouds
269,San Carlos De Bariloche,AR,-41.1456,-71.3082,53.35,54,75,14.97,broken clouds
270,Kirkland Lake,CA,48.1446,-80.0377,0.43,60,100,7.23,overcast clouds
271,Duluth,US,46.7833,-92.1066,15.06,82,100,34.52,heavy snow
272,Chumikan,RU,54.7183,135.315,-9.04,85,54,18.81,broken clouds
273,Tarko-Sale,RU,64.9225,77.785,18.37,94,100,15.3,light snow
274,Dongying,CN,37.4564,118.4856,26.24,38,0,10.58,clear sky
275,Uaua,BR,-9.8414,-39.4817,83.37,48,99,12.55,overcast clouds
276,Kodiak,US,57.79,-152.4072,44.11,76,40,14.97,scattered clouds
277,Anadyr,RU,64.75,177.4833,-7.01,76,75,11.18,light shower snow
278,Ambulu,ID,-8.345,113.6058,76.51,89,100,2.73,overcast clouds
279,Burnie,AU,-41.0667,145.9167,56.95,59,57,14.23,broken clouds
280,Labuhan,ID,-6.8844,112.2051,77.47,86,100,7.29,overcast clouds
281,Daura,NG,11.5538,11.4085,69.85,17,29,12.48,scattered clouds
282,Khani,GE,41.9563,42.9566,35.17,89,99,4.5,overcast clouds
283,Vercelli,IT,45.3231,8.4153,50.99,57,6,5.44,clear sky
284,Luanda,AO,-8.8368,13.2343,78.58,88,94,5.91,overcast clouds
285,Nadym,RU,65.5333,72.5167,18.0,96,100,10.16,overcast clouds
286,Banjar,ID,-8.19,114.9675,78.66,88,100,4.54,heavy intensity rain
287,Zemio,CF,5.0314,25.1361,71.15,23,98,1.59,overcast clouds
288,Krasnoye,UA,49.9145,24.6134,36.75,77,100,8.16,overcast clouds
289,Dawlatabad,AF,36.4141,64.9053,48.69,87,100,3.91,overcast clouds
290,Nizhnevartovsk,RU,60.9344,76.5531,23.02,86,100,11.18,overcast clouds
291,Morant Bay,JM,17.8815,-76.4093,80.22,73,19,11.95,few clouds
292,Ostrovnoy,RU,68.0531,39.5131,19.38,85,100,6.11,overcast clouds
293,Dargaville,NZ,-35.9333,173.8833,73.33,65,34,6.11,scattered clouds
294,Shima,CN,24.4478,117.8111,50.22,88,99,3.42,overcast clouds
295,Mao,ES,39.8885,4.2658,48.76,81,0,8.05,clear sky
296,Gat,IL,31.61,34.7642,57.4,100,96,3.98,overcast clouds
297,Chegdomyn,RU,51.1167,133.0167,-21.21,100,98,2.42,overcast clouds
298,Winfield,US,37.2398,-96.9956,72.46,40,100,20.07,overcast clouds
299,El Dorado,US,38.7666,-120.5177,48.96,61,39,1.01,scattered clouds
300,Kaitangata,NZ,-46.2817,169.8464,63.93,77,100,5.75,heavy intensity rain
301,Sao Joao Da Barra,BR,-21.6403,-41.0511,80.69,86,41,13.04,scattered clouds
302,La Paz,BO,-16.5,-68.15,55.38,71,75,11.5,broken clouds
303,Matara,LK,5.9485,80.5353,76.89,88,84,0.96,broken clouds
304,Mabaruma,GY,8.2,-59.7833,73.27,97,36,5.08,scattered clouds
305,Fort Morgan,US,40.2503,-103.8,20.05,58,40,20.71,scattered clouds
306,Cabo San Lucas,MX,22.8909,-109.9124,84.61,71,0,4.0,clear sky
307,Bengkulu,ID,-3.8004,102.2655,75.33,89,93,4.03,overcast clouds
308,Sabya,SA,17.1495,42.6254,78.42,68,61,4.92,broken clouds
309,Edd,ER,13.9297,41.6925,75.58,76,96,7.2,overcast clouds
310,Kamina,CD,-8.7386,24.9906,63.32,97,94,3.44,overcast clouds
311,Praia,CV,14.9215,-23.5087,70.34,78,75,20.71,broken clouds
312,Ilebo,CD,-4.3167,20.5833,71.78,78,100,0.96,overcast clouds
313,Tokat,TR,40.4167,36.5833,26.53,87,45,5.64,scattered clouds
314,Umm Kaddadah,SD,13.6017,26.6876,62.89,17,9,11.83,clear sky
315,Ancud,CL,-41.8697,-73.8203,71.13,48,4,9.95,clear sky
316,Mitu,CO,1.1983,-70.1733,85.78,57,74,2.19,broken clouds
317,Carutapera,BR,-1.195,-46.02,77.02,91,95,7.38,heavy intensity rain
318,Chaman,PK,30.9236,66.4512,57.16,43,89,15.26,overcast clouds
319,Koindu,GN,8.4386,-10.3253,72.18,87,99,5.08,overcast clouds
320,Seoul,KR,37.5683,126.9778,22.6,38,0,10.36,clear sky
321,Simao,CN,22.7886,100.9748,48.96,98,99,2.71,overcast clouds
322,Altay,CN,47.8667,88.1167,14.74,58,0,8.95,clear sky
323,Hami,CN,42.8,93.45,28.98,34,0,5.21,clear sky
324,Zeya,RU,53.75,127.2667,-10.26,93,26,2.66,scattered clouds
325,Grand Gaube,MU,-20.0064,57.6608,80.38,87,90,13.0,overcast clouds
326,Dangriga,BZ,16.9692,-88.2321,82.36,65,12,9.19,few clouds
327,Santa Maria,BR,-29.6842,-53.8069,85.3,54,40,3.44,scattered clouds
328,Moyo,UG,3.6609,31.7247,71.55,17,100,3.29,overcast clouds
329,General Roca,AR,-39.0333,-67.5833,62.62,48,100,14.65,overcast clouds
330,Klyuchi,RU,52.2667,79.1667,16.05,88,98,8.16,overcast clouds
331,Shimoda,JP,34.6667,138.95,34.11,62,0,25.21,clear sky
332,Sorong,ID,-0.8833,131.25,78.1,88,100,14.88,heavy intensity rain
333,Hauterive,FR,46.0901,3.4459,47.16,87,86,11.92,light rain
334,Wanning,CN,18.8003,110.3967,57.87,94,100,12.06,overcast clouds
335,Vychegodskiy,RU,61.247,46.8984,27.27,96,100,5.82,light snow
336,Biltine,TD,14.5333,20.9167,69.78,14,35,9.75,scattered clouds
337,Zyryanka,RU,65.75,150.85,-46.84,100,59,4.99,broken clouds
338,Mandalgovi,MN,45.7625,106.2708,5.07,78,0,8.39,clear sky
339,Ewa Beach,US,21.3156,-158.0072,82.35,61,0,11.5,clear sky
340,Hamilton,US,39.1834,-84.5333,65.25,45,40,13.8,scattered clouds
341,Prostejov,CZ,49.4719,17.1118,40.8,68,85,1.01,overcast clouds
342,Bintulu,MY,3.1667,113.0333,75.61,94,20,3.44,few clouds
343,Nyurba,RU,63.2842,118.3319,9.28,94,92,7.34,overcast clouds
344,Sola,VU,-13.8833,167.55,83.07,84,75,0.0,broken clouds
345,Haines Junction,CA,60.7522,-137.5108,1.35,55,93,3.44,overcast clouds
346,Markova,UA,48.6758,24.4138,37.04,94,100,1.5,overcast clouds
347,Sandakan,MY,5.8402,118.1179,73.08,100,40,5.99,scattered clouds
348,Chokurdakh,RU,70.6333,147.9167,-42.21,99,58,6.62,broken clouds
349,Serenje,ZM,-13.2325,30.2352,60.91,98,92,2.66,overcast clouds
350,Saint-Louis,SN,16.3333,-15.0,85.64,13,100,11.81,overcast clouds
351,Awjilah,LY,29.1081,21.2869,61.54,47,18,9.53,few clouds
352,Kabompo,ZM,-13.5927,24.2008,63.55,97,36,3.96,scattered clouds
353,Baoding,CN,38.8511,115.4903,20.89,53,1,3.31,clear sky
354,Jasidih,IN,24.5167,86.65,61.09,46,0,2.35,clear sky
355,Otane,NZ,-39.8833,176.6333,73.0,61,0,3.76,clear sky
356,Matamoros,MX,25.5333,-103.25,90.64,11,4,24.83,clear sky
357,Lieksa,FI,63.3167,30.0167,13.06,95,100,7.11,overcast clouds
358,Matagami,CA,49.7502,-77.6328,-9.29,59,0,3.44,clear sky
359,Zvenigovo,RU,55.9742,48.0181,29.35,91,100,9.06,overcast clouds
360,Ojinaga,MX,29.5667,-104.4167,84.42,28,40,24.16,scattered clouds
361,Korla,CN,41.7597,86.1469,27.77,45,0,3.0,clear sky
362,Djambala,CG,-2.5447,14.7533,73.38,75,100,3.31,overcast clouds
363,Springfield,US,37.2153,-93.2982,71.62,60,0,20.0,clear sky
364,Petropavlovsk-Kamchatskiy,RU,53.0452,158.6483,27.19,64,75,8.95,broken clouds
365,Luangwa,ZM,-15.6167,30.4167,72.7,96,97,1.81,moderate rain
366,Aasiaat,GL,68.7098,-52.8699,-1.79,91,100,11.54,overcast clouds
367,Lehututu,BW,-23.9667,21.8667,81.86,27,94,9.55,overcast clouds
368,Pontian Kecil,MY,1.4801,103.3899,78.93,90,100,5.3,overcast clouds
369,Alpena,US,45.0617,-83.4327,23.18,79,100,13.8,overcast clouds
370,Amazar,RU,53.858,120.875,-7.87,95,73,2.68,broken clouds
371,Nome,US,64.5011,-165.4064,33.17,97,100,19.37,light snow
372,Qeshm,IR,26.9581,56.2719,67.89,62,0,13.65,clear sky
373,Soyo,AO,-6.1349,12.3689,80.53,84,100,5.1,light rain
374,Uyskoye,RU,54.3775,60.0047,26.28,94,100,6.82,overcast clouds
375,Tulle,FR,45.3333,1.8333,42.55,90,100,6.76,overcast clouds
376,Skelleftea,SE,64.7507,20.9528,10.99,64,100,6.91,overcast clouds
377,Ocean City,US,39.2776,-74.5746,51.82,67,3,8.75,clear sky
378,Vila Velha,BR,-20.3297,-40.2925,80.55,85,40,10.36,scattered clouds
379,Xinzhou,CN,38.4092,112.7333,17.47,58,0,3.74,clear sky
380,Gardanne,FR,43.4549,5.4691,51.15,64,6,22.1,clear sky
381,Nipawin,CA,53.3668,-104.0009,-16.56,69,0,5.75,clear sky
382,Vitoria Do Mearim,BR,-3.4622,-44.8706,76.5,90,96,1.92,overcast clouds
383,Kautokeino,NO,69.0125,23.0412,-8.68,100,100,2.35,overcast clouds
384,Soe,ID,-9.8607,124.284,65.26,98,100,1.66,overcast clouds
385,Port Moresby,PG,-9.4431,147.1797,74.62,94,40,4.61,scattered clouds
386,La Rioja,ES,42.25,-2.5,40.05,95,12,3.91,few clouds
387,Hay River,CA,60.8156,-115.7999,-13.02,70,40,11.5,scattered clouds
388,Viedma,AR,-40.8135,-62.9967,60.98,72,99,16.6,overcast clouds
389,Lumphat,KH,13.4878,106.9816,68.74,70,7,7.25,clear sky
390,Cordoba,AR,-31.4135,-64.1811,74.75,67,75,5.75,broken clouds
391,Hambantota,LK,6.1241,81.1185,77.34,100,20,0.0,few clouds
392,Paharpur,PK,32.1038,70.9724,62.74,24,98,8.52,overcast clouds
393,Honiara,SB,-9.4333,159.95,84.49,74,99,3.0,overcast clouds
394,Makat,KZ,47.6469,53.3463,38.61,93,100,5.55,overcast clouds
395,Havelock,US,34.8791,-76.9013,67.01,85,72,4.0,broken clouds
396,San Juan,AR,-31.5375,-68.5364,68.56,61,97,16.15,overcast clouds
397,Samarai,PG,-10.6167,150.6667,83.1,78,100,6.91,overcast clouds
398,Acajutla,SV,13.5928,-89.8275,93.79,53,16,6.58,few clouds
399,Trairi,BR,-3.2778,-39.2689,79.68,77,3,12.12,clear sky
400,Salalah,OM,17.0151,54.0924,73.26,51,25,4.05,scattered clouds
401,Inverell,AU,-29.7833,151.1167,73.67,85,98,1.01,overcast clouds
402,Sao Filipe,CV,14.8961,-24.4956,71.01,71,72,12.33,broken clouds
403,Baikunthpur,IN,23.25,82.55,55.6,25,0,3.94,clear sky
404,Dongsheng,CN,39.8161,109.9776,6.12,73,1,3.98,clear sky
405,Paamiut,GL,61.994,-49.6678,-3.69,76,12,8.23,few clouds
406,Bad Reichenhall,DE,47.7333,12.8833,40.55,70,75,12.66,broken clouds
407,Newport,GB,51.5877,-2.9984,47.86,81,26,6.93,scattered clouds
408,Capaci,IT,38.1711,13.2393,58.12,62,0,27.63,clear sky
409,Port-Cartier,CA,50.0334,-66.8654,10.62,74,35,8.68,scattered clouds
410,Santa Fe,AR,-31.6333,-60.7,85.01,39,1,5.01,clear sky
411,Buala,SB,-8.145,159.5921,83.05,74,100,1.61,overcast clouds
412,Ereymentau,KZ,51.6199,73.1033,12.74,91,67,9.6,broken clouds
413,Puerto Carreno,CO,6.189,-67.4859,93.18,43,40,12.66,scattered clouds
414,Chara,RU,56.9064,118.2631,-6.63,81,98,1.59,overcast clouds
415,Timmins,CA,48.4669,-81.3331,-4.18,54,100,10.36,overcast clouds
416,Tosya,TR,41.0155,34.0401,40.48,83,16,3.44,few clouds
417,Chandpur,IN,29.15,78.2667,53.85,60,16,6.78,few clouds
418,Debre Tabor,ET,11.85,38.0167,56.75,54,97,2.19,overcast clouds
419,Perth,AU,-31.9333,115.8333,67.78,86,0,5.75,clear sky
420,Mezhdurechensk,RU,53.6942,88.0603,3.79,98,68,2.8,broken clouds
421,Victor Harbor,AU,-35.5667,138.6167,63.72,78,0,10.63,clear sky
422,Loukhi,RU,66.0764,33.0381,-4.36,100,98,3.15,overcast clouds
423,La Crosse,US,43.8014,-91.2396,31.53,79,100,8.99,overcast clouds
424,Anuradhapura,LK,8.3565,80.4173,70.29,97,52,4.54,broken clouds
425,Salinas,US,36.6777,-121.6555,61.66,56,0,11.5,clear sky
426,Poum,NC,-20.2333,164.0167,82.98,77,99,18.23,overcast clouds
427,Medina Del Campo,ES,41.3124,-4.9141,44.71,58,7,7.52,clear sky
428,Kuroishi,JP,40.6389,140.5922,23.07,79,75,14.97,light snow
429,Hohhot,CN,40.8106,111.6522,-3.71,77,0,2.24,clear sky
430,Svetlyy,RU,54.675,20.1347,41.05,75,100,28.74,overcast clouds
431,Pinotepa Nacional,MX,16.3167,-98.0167,89.04,42,7,10.51,clear sky
432,La Salle,US,41.3334,-89.0918,54.25,68,0,11.5,clear sky
433,Ulverstone,AU,-41.15,146.1667,57.22,58,77,10.2,broken clouds
434,Mizdah,LY,31.4451,12.9801,54.86,62,28,4.21,scattered clouds
435,Talnakh,RU,69.4865,88.3972,15.21,83,100,20.6,overcast clouds
436,Pemba,MZ,-12.974,40.5178,77.65,92,100,8.3,light rain
437,Meiganga,CM,6.5167,14.3,69.17,25,10,5.61,clear sky
438,Tuyen Quang,VN,21.8233,105.2181,49.59,85,100,1.43,overcast clouds
439,Mehriz,IR,31.5917,54.4318,41.5,51,3,1.86,clear sky
440,Caravelas,BR,-17.7125,-39.2481,77.31,82,6,5.7,clear sky
441,Peniche,PT,39.3558,-9.3811,57.09,91,30,14.88,scattered clouds
442,Escarcega,MX,18.6089,-90.7454,92.8,27,2,8.77,clear sky
443,Musoma,TZ,-1.5,33.8,69.3,76,100,6.71,overcast clouds
444,Cotonou,BJ,6.3654,2.4183,81.18,83,55,11.3,broken clouds
445,Pandan,PH,14.0453,124.1694,77.49,87,100,16.58,overcast clouds
446,Yerbogachen,RU,61.2767,108.0108,13.42,94,100,8.41,overcast clouds
447,Pratapgarh,IN,24.0333,74.7833,64.99,29,0,7.76,clear sky
448,Perrysburg,US,41.557,-83.6272,57.69,70,98,5.57,overcast clouds
449,Mayor Pablo Lagerenza,PY,-19.9309,-60.7718,91.58,43,57,6.02,broken clouds
450,Chokwe,MZ,-24.5333,32.9833,73.67,82,41,6.11,scattered clouds
451,Roanoke Rapids,US,36.4615,-77.6542,67.64,67,0,11.5,clear sky
452,Puerto Baquerizo Moreno,EC,-0.9,-89.6,81.59,74,75,10.36,broken clouds
453,Cortez,US,37.3489,-108.5859,44.51,49,100,17.27,overcast clouds
454,Mahibadhoo,MV,3.7833,72.9667,80.87,70,0,5.86,clear sky
455,Gubkinskiy,RU,64.434,76.5026,17.33,94,100,14.97,overcast clouds
456,Torbay,CA,47.6666,-52.7314,37.58,86,100,28.77,shower sleet
457,Ilo,PE,-17.6394,-71.3375,73.06,77,99,7.2,overcast clouds
458,Norman Wells,CA,65.282,-126.8329,-20.16,63,0,4.61,clear sky
459,Husavik,IS,66.0449,-17.3389,35.51,74,100,46.01,light rain
460,Evensk,RU,61.95,159.2333,-18.76,79,3,8.59,clear sky
461,Banda Aceh,ID,5.5577,95.3222,78.01,87,66,9.08,broken clouds
462,Biscarrosse,FR,44.3945,-1.1672,52.75,76,100,4.61,overcast clouds
463,Shubarkuduk,KZ,49.1447,56.4872,33.75,99,100,10.69,snow
464,Zhezkazgan,KZ,47.8043,67.7144,17.06,90,100,6.29,overcast clouds
465,Carballo,ES,43.213,-8.691,50.86,92,34,2.98,scattered clouds
466,North Bend,US,43.4065,-124.2243,46.92,91,75,18.41,broken clouds
467,Lewistown,US,40.5992,-77.5714,60.21,26,0,0.0,clear sky
468,Saldanha,ZA,-33.0117,17.9442,62.65,88,20,10.18,few clouds
469,Sarnia,CA,42.9787,-82.4041,42.69,83,0,6.91,clear sky
470,Morondava,MG,-20.2833,44.2833,81.99,69,87,14.0,overcast clouds
471,Beyneu,KZ,45.3167,55.2,44.2,66,100,4.29,overcast clouds
472,Conde,BR,-7.2597,-34.9075,81.86,74,20,10.36,few clouds
473,Katobu,ID,-4.9408,122.5276,74.37,86,100,5.37,overcast clouds
474,Pevek,RU,69.7008,170.3133,-36.15,96,99,1.81,overcast clouds
475,Diamantino,BR,-14.4086,-56.4461,74.1,91,73,4.63,broken clouds
476,Gamba,GA,-2.65,10.0,78.28,84,100,4.43,moderate rain
477,Namatanai,PG,-3.6667,152.4333,81.12,77,100,4.21,light rain
478,Havre,FR,49.5833,0.3333,47.44,87,18,14.97,few clouds
479,Dingle,PH,10.9995,122.6711,73.76,92,100,7.27,overcast clouds
480,Chotila,IN,22.4167,71.1833,67.23,62,0,9.4,clear sky
481,Shahr-E Babak,IR,30.1165,55.1186,42.33,42,39,5.66,scattered clouds
482,Tabou,CI,4.423,-7.3528,78.6,89,91,6.2,overcast clouds
483,Oranjemund,NA,-28.55,16.4333,63.32,88,0,11.9,clear sky
484,Uyuni,BO,-20.4597,-66.825,63.97,16,6,7.07,clear sky
485,Marzuq,YE,14.4,46.4667,61.59,32,89,3.8,overcast clouds
486,Labytnangi,RU,66.6572,66.4183,13.46,96,100,4.16,overcast clouds
487,Doka,SD,13.5167,35.7667,74.23,29,14,7.47,few clouds
488,Severo-Yeniseyskiy,RU,60.3725,93.0408,3.04,97,98,5.23,overcast clouds
489,Gimli,CA,50.6336,-96.9907,-8.57,53,100,10.36,overcast clouds
490,Prince Rupert,CA,54.3161,-130.3201,32.09,27,0,20.71,clear sky
491,Kasongo-Lunda,CD,-6.4667,16.8167,70.43,97,99,1.1,moderate rain
492,Bandarbeyla,SO,9.4942,50.8122,76.71,79,11,13.65,few clouds
493,Kaposmero,HU,46.3617,17.704,39.38,76,100,5.44,overcast clouds
494,Sandnessjoen,NO,66.0217,12.6316,21.65,85,20,2.3,few clouds
495,Half Moon Bay,US,37.4636,-122.4286,61.59,56,0,24.16,clear sky
496,Aksay,RU,47.26,39.87,43.25,71,16,17.0,few clouds
497,Lashio,MM,22.9333,97.75,50.43,99,65,2.3,broken clouds
498,Bosaso,SO,11.2842,49.1816,74.05,77,5,2.46,clear sky
499,Quatre Cocos,MU,-20.2078,57.7625,80.1,91,82,16.82,light rain
500,Sobradinho,BR,-12.8333,-39.1,75.6,81,44,5.75,scattered clouds
501,Huntsville,US,34.7304,-86.5861,52.84,92,100,18.99,light rain
502,Kapit,MY,2.0167,112.9333,70.75,100,98,0.85,overcast clouds
503,Broken Hill,AU,-31.95,141.4333,56.91,47,75,10.36,broken clouds
504,Fuzhou,CN,26.0614,119.3061,46.29,93,100,1.7,overcast clouds
505,Rafaela,AR,-31.2503,-61.4867,88.93,22,3,9.15,clear sky
506,Dibulla,CO,11.2725,-73.3091,84.22,52,40,16.75,scattered clouds
507,Verkhnevilyuysk,RU,63.4453,120.3167,7.09,96,100,5.7,overcast clouds
508,Zverinogolovskoye,RU,54.4586,64.8542,22.48,95,100,8.25,overcast clouds
509,Ucluelet,CA,48.9329,-125.5528,48.09,61,29,1.01,scattered clouds
510,Gornopravdinsk,RU,60.05,69.9,27.55,94,100,9.82,light snow
511,Nampula,MZ,-15.1165,39.2666,75.15,94,100,5.01,thunderstorm
512,Louis Trichardt,ZA,-23.0439,29.9032,65.39,89,40,4.18,scattered clouds
513,Omboue,GA,-1.5746,9.2618,78.49,80,100,2.19,overcast clouds
514,Yar-Sale,RU,66.8333,70.8333,18.93,96,100,8.23,overcast clouds
515,Puerto Leguizamo,CO,-0.1934,-74.7819,92.32,36,94,3.47,overcast clouds
516,Heihe,CN,50.2441,127.4902,-7.02,91,10,7.85,clear sky
517,Ciudad Bolivar,VE,8.1222,-63.5497,87.64,43,100,12.93,overcast clouds
518,Paracuru,BR,-3.41,-39.0306,83.1,76,2,11.83,clear sky
519,Aripuana,BR,-9.1667,-60.6333,76.23,94,88,1.9,light rain
520,Kieta,PG,-6.2167,155.6333,83.3,72,81,0.16,broken clouds
521,Liwale,TZ,-9.7667,37.9333,71.38,91,100,4.25,overcast clouds
522,Lata,PT,40.1629,-8.3327,55.81,78,4,2.91,clear sky
523,Dondo,MZ,-19.6094,34.7431,81.91,86,19,4.23,few clouds
524,Maridi,SS,4.9158,29.4742,71.31,20,100,3.4,overcast clouds
525,Ust-Charyshskaya Pristan,RU,52.3934,83.6635,4.46,97,91,2.39,overcast clouds
526,Arlit,NE,18.7369,7.3853,70.81,7,0,6.6,clear sky
527,Sibolga,ID,1.7427,98.7792,75.88,82,82,3.06,broken clouds
528,Raudeberg,NO,61.9875,5.1352,32.86,89,49,11.01,scattered clouds
529,Aban,RU,56.67,96.06,4.37,100,96,4.21,overcast clouds
530,Vila Franca Do Campo,PT,37.7167,-25.4333,59.2,69,79,8.23,broken clouds
531,Warah,PK,27.4481,67.7978,70.56,28,5,5.48,clear sky
532,Mlimba,TZ,-8.8,35.8167,71.92,91,100,3.31,overcast clouds
533,Darhan,MN,49.4867,105.9228,-7.85,96,10,5.61,clear sky
534,Gwadar,PK,25.1216,62.3254,73.9,72,0,19.62,clear sky
535,Cockburn Town,TC,21.4612,-71.1419,80.56,61,40,11.5,scattered clouds
536,Jember,ID,-8.166,113.7032,73.8,95,100,0.92,overcast clouds
537,Necochea,AR,-38.5473,-58.7368,63.03,81,55,13.96,broken clouds
538,Hirado,JP,33.3597,129.5531,42.15,57,88,24.36,overcast clouds
539,Garowe,SO,8.4054,48.4845,70.52,73,2,9.46,clear sky
540,Xai-Xai,MZ,-25.0519,33.6442,74.91,81,67,7.63,broken clouds
541,Steinbach,DE,50.1667,8.5667,44.6,67,40,9.22,scattered clouds
542,Maxixe,MZ,-23.8597,35.3472,74.59,82,20,7.43,few clouds
543,Balsas,BR,-7.5325,-46.0356,77.59,81,45,3.6,scattered clouds
544,Grindavik,IS,63.8424,-22.4338,36.07,93,100,54.09,heavy snow
545,Tandalti,SD,13.0167,31.8667,67.59,15,11,10.98,few clouds
546,Lavrentiya,RU,65.5833,-171.0,20.97,96,100,4.88,snow
547,Sakakah,SA,29.9697,40.2064,49.57,44,21,4.81,few clouds
548,Panzhihua,CN,26.5851,101.7128,39.52,98,100,5.08,overcast clouds
549,Muisne,EC,0.6,-80.0333,82.51,83,68,4.79,light rain
550,Richards Bay,ZA,-28.783,32.0377,74.03,93,38,4.07,light rain
551,Ialibu,PG,-6.2821,143.9935,56.03,95,100,1.32,overcast clouds
552,Singleton,AU,-32.5667,151.1833,78.35,94,100,1.01,light rain
553,Corner Brook,CA,48.9667,-57.9484,28.53,90,100,13.27,light snow
554,Baykit,RU,61.67,96.37,2.34,100,100,2.19,overcast clouds
555,Yumen,CN,40.2833,97.2,16.18,56,5,3.62,clear sky
556,Kununurra,AU,-15.7667,128.7333,78.78,89,97,0.0,overcast clouds
557,Kargil,IN,34.5667,76.1,2.82,81,100,0.31,overcast clouds
558,Touros,BR,-5.1989,-35.4608,83.3,75,96,12.86,overcast clouds
559,Weligama,LK,5.9667,80.4167,76.8,88,70,1.63,broken clouds
560,Mount Darwin,ZW,-16.7725,31.5838,67.3,92,89,2.26,overcast clouds
561,Taybad,IR,34.74,60.7756,40.89,89,100,16.24,overcast clouds
562,Diffa,NE,13.3154,12.6113,70.21,18,21,9.89,few clouds
563,Svoge,BG,42.9667,23.35,50.27,87,67,3.09,broken clouds
564,Champoton,MX,19.35,-90.7167,87.12,49,4,3.67,clear sky
565,Lima,PE,-12.0432,-77.0282,73.65,45,75,5.75,broken clouds
566,Meaux,FR,48.9167,3.0,47.66,81,89,13.87,overcast clouds
567,Kermanshah,IR,34.3142,47.065,40.1,81,20,9.22,few clouds
568,Imeni Poliny Osipenko,RU,52.4201,136.4853,-28.14,100,93,1.01,overcast clouds
569,Camapua,BR,-19.5314,-54.0439,76.42,84,54,4.94,broken clouds
570,Gnjilane,XK,42.4604,21.4699,48.58,75,75,1.16,broken clouds
571,Yinchuan,CN,38.4681,106.2731,20.5,35,0,3.98,clear sky
572,Lat Yao,TH,15.751,99.7893,73.51,68,83,3.69,broken clouds
573,Kinango,KE,-4.1372,39.3153,75.63,86,98,3.78,overcast clouds
574,Sile,TR,41.1754,29.6133,54.27,67,6,1.01,clear sky
575,Dayong,CN,25.0209,118.2898,49.89,91,100,3.71,overcast clouds
576,Paita,PE,-5.0892,-81.1144,84.76,75,29,13.44,scattered clouds
577,Talcahuano,CL,-36.7167,-73.1167,58.68,82,100,18.41,overcast clouds
578,Margate,GB,51.3813,1.3862,46.31,70,45,5.99,scattered clouds
579,Conakry,GN,9.538,-13.6773,77.36,75,48,10.96,scattered clouds
580,Bolpur,IN,23.6667,87.7167,62.31,43,0,6.78,clear sky
581,Harper,LR,4.375,-7.7169,79.09,87,99,6.55,overcast clouds
582,Porto Nacional,BR,-10.7081,-48.4172,86.0,89,84,3.33,moderate rain
583,Meulaboh,ID,4.1363,96.1285,75.49,91,80,4.25,broken clouds
584,Saquarema,BR,-22.92,-42.5103,77.14,92,95,8.16,moderate rain
585,Gorontalo,ID,0.5412,123.0595,72.3,96,100,5.35,heavy intensity rain
586,Bay-Khaak,RU,51.1667,94.5,-11.74,95,47,4.43,scattered clouds
587,Gigmoto,PH,13.7796,124.39,77.86,87,100,15.61,overcast clouds
588,San Policarpo,PH,12.1791,125.5072,78.35,85,100,17.96,light rain
589,Villena,ES,38.6373,-0.8657,53.89,34,0,7.2,clear sky
590,Ambilobe,MG,-13.2,49.05,75.16,94,100,4.61,light rain
591,Xudat,AZ,41.631,48.681,43.5,81,98,6.89,overcast clouds
592,Khasan,RU,42.4308,130.6434,11.57,59,3,21.9,clear sky
593,Chardara,KZ,41.2547,67.9692,46.45,64,81,9.51,broken clouds
594,Santa Clarita,US,34.3917,-118.5426,61.79,54,75,10.36,broken clouds
595,Deputatskiy,RU,69.3,139.9,-15.88,77,100,4.45,overcast clouds
596,Ardesen,TR,41.1911,40.9875,49.96,72,98,5.28,overcast clouds
597,Hermosillo,MX,29.0667,-110.9667,70.84,39,20,8.99,few clouds
598,Bielsk Podlaski,PL,52.7651,23.1865,35.02,72,7,16.37,clear sky
599,Bakhchysaray,UA,44.75,33.8667,43.59,78,22,6.13,few clouds
600,Tambura,SS,5.6,27.4667,71.47,18,94,2.77,overcast clouds
601,Kencong,ID,-8.2833,113.3667,75.06,90,100,1.16,light rain
602,Kyra,RU,49.5776,111.9753,-11.94,94,12,5.08,few clouds
603,San Patricio,US,28.017,-97.5169,86.18,57,9,23.17,clear sky
604,Byron Bay,AU,-28.65,153.6167,75.15,83,44,3.76,scattered clouds
605,Aswan,EG,24.0934,32.907,65.5,27,0,3.44,clear sky
606,Beloha,MG,-25.1667,45.05,75.04,84,0,11.54,clear sky
607,Piacabucu,BR,-10.4056,-36.4344,80.19,77,92,8.68,overcast clouds
608,Tiznit,MA,29.5833,-9.5,65.59,26,0,10.74,clear sky
609,Onguday,RU,50.75,86.15,-3.08,97,43,3.04,scattered clouds
610,Jiazi,CN,22.8779,116.067,49.41,87,100,12.17,overcast clouds
611,Singkawang,ID,0.9,109.0,72.88,92,100,4.23,overcast clouds
612,Westport,US,41.1415,-73.3579,52.99,62,99,1.99,overcast clouds
613,Port-Gentil,GA,-0.7193,8.7815,81.84,78,100,4.45,overcast clouds
614,Rocky Mountain House,CA,52.3668,-114.9188,-5.17,74,100,3.89,overcast clouds
615,Oranjestad,AW,12.524,-70.027,78.67,78,39,19.22,scattered clouds
616,Texarkana,US,33.4251,-94.0477,73.9,68,100,12.53,overcast clouds
617,Maningrida,AU,-12.0667,134.2667,81.57,79,86,4.32,overcast clouds
618,Vestmannaeyjar,IS,63.4427,-20.2734,40.69,89,100,45.1,overcast clouds
619,Roma,US,43.2128,-75.4557,41.18,84,43,3.2,scattered clouds
620,Aquiraz,BR,-3.9014,-38.3911,83.17,78,69,9.62,broken clouds
621,Daru,PG,-9.0763,143.2092,78.53,90,98,7.72,overcast clouds
622,Waipawa,NZ,-41.4122,175.5153,68.45,60,2,11.74,clear sky
623,Pamanukan,ID,-6.2842,107.8106,76.01,89,69,6.2,broken clouds
624,Takaka,NZ,-40.85,172.8,67.55,45,0,4.16,clear sky
625,Sedan,FR,49.6667,5.0,43.3,87,36,12.97,light rain
626,Bandarban,BD,22.1965,92.2262,56.91,94,0,3.06,clear sky
627,Doha,QA,25.2867,51.5333,64.38,63,0,10.36,clear sky
628,Moindou,NC,-21.6924,165.677,80.55,69,98,5.77,overcast clouds
629,Florianopolis,BR,-27.6146,-48.5012,75.7,80,88,1.01,moderate rain
630,Nemuro,JP,43.3236,145.575,22.68,76,100,27.56,overcast clouds
631,La Ligua,CL,-32.4524,-71.2311,68.16,59,9,8.43,clear sky
632,Utiel,ES,39.5667,-1.2,55.0,35,1,7.63,clear sky
633,Saint Anthony,US,45.0205,-93.218,23.25,71,100,14.97,overcast clouds
634,Bhuj,IN,23.2667,69.6667,65.91,88,0,9.55,clear sky
635,Mapimi,MX,25.8167,-103.85,84.74,15,37,24.32,scattered clouds
636,Chissamba,AO,-12.1667,17.3333,60.89,97,69,4.0,broken clouds
637,Almaznyy,RU,48.0448,40.045,28.54,84,78,8.52,broken clouds
638,Acapulco,MX,16.8634,-99.8901,85.91,55,4,12.01,clear sky
639,Luwuk,ID,-0.9516,122.7875,76.23,86,100,5.91,overcast clouds
640,Bogande,BF,12.9714,-0.1436,75.61,9,8,10.13,clear sky
641,Hrodna,BY,53.6884,23.8258,36.99,73,38,18.05,scattered clouds
642,Svetlogorsk,BY,52.6333,29.7333,41.22,85,100,13.44,overcast clouds
643,Parana,AR,-31.732,-60.5238,84.29,40,4,7.43,clear sky
644,Zhangye,CN,38.9342,100.4517,20.44,48,41,4.94,scattered clouds
645,Fort-Shevchenko,KZ,44.5086,50.263,40.91,75,100,10.38,overcast clouds
646,Kodinsk,RU,58.6881,99.1844,3.81,100,100,4.38,overcast clouds
647,Strichen,GB,57.5892,-2.087,38.01,70,26,5.06,scattered clouds
648,Two Rivers,US,44.1539,-87.5693,31.32,85,100,3.0,overcast clouds
649,Berdigestyakh,RU,62.0989,126.6992,9.73,96,100,3.91,light snow
650,Ballina,AU,-28.8667,153.5667,73.36,96,75,4.61,broken clouds
651,Wilmington,US,34.2257,-77.9447,66.94,68,75,11.5,broken clouds
652,Shangrao,CN,28.4532,117.9686,37.35,99,100,4.34,light rain
653,Auki,SB,-8.7676,160.7034,82.9,77,96,1.16,overcast clouds
654,Bom Jesus Da Lapa,BR,-13.255,-43.4181,77.77,73,90,5.75,overcast clouds
655,Paracatu,BR,-17.2222,-46.8747,71.82,86,84,1.57,light rain
656,Lanigan,CA,51.8501,-105.0344,-7.87,85,72,3.8,broken clouds
657,Menongue,AO,-14.6585,17.691,63.27,89,28,3.29,scattered clouds
658,Shingu,JP,33.7333,135.9833,36.91,67,4,9.42,clear sky
659,Nalut,LY,30.3333,10.85,58.71,46,62,8.75,broken clouds
660,Redwater,US,33.3582,-94.2544,79.09,68,100,10.6,overcast clouds
661,Goderich,CA,43.7501,-81.7165,40.03,98,100,9.86,overcast clouds
662,Saint Marys,US,30.7305,-81.5465,77.05,67,0,8.05,clear sky
663,Varhaug,NO,58.6147,5.6457,37.47,69,5,30.91,clear sky
664,Srednekolymsk,RU,67.45,153.6833,-47.06,100,66,4.81,broken clouds
665,Jalu,LY,29.0331,21.5482,63.03,32,5,9.75,clear sky
